dimension,group,n_women,n_answered_v714,pct_answered_v714
all women,all,724115,108785,15.02
v025,urban,179535,27064,15.07
v025,rural,544580,81721,15.01
v190,poorest,149844,22155,14.79
v190,poorer,160340,24322,15.17
v190,middle,151505,22939,15.14
v190,richer,139607,21087,15.1
v190,richest,122819,18282,14.89
v024,jammu & kashmir,23037,3388,14.71
v024,himachal pradesh,10368,1619,15.62
v024,punjab,21771,3371,15.48
v024,chandigarh,746,129,17.29
v024,uttarakhand,13280,1881,14.16
v024,haryana,21909,3270,14.93
v024,nct of delhi,11159,1638,14.68
v024,rajasthan,42990,6549,15.23
v024,uttar pradesh,93124,13839,14.86
v024,bihar,42483,6350,14.95
v024,sikkim,3271,506,15.47
v024,arunachal pradesh,19765,2960,14.98
v024,nagaland,9694,1515,15.63
v024,manipur,8042,1256,15.62
v024,mizoram,7279,1161,15.95
v024,tripura,7314,1137,15.55
v024,meghalaya,13089,1965,15.01
v024,assam,34979,5314,15.19
v024,west bengal,21408,3251,15.19
v024,jharkhand,26495,4001,15.1
v024,odisha,27971,4379,15.66
v024,chhattisgarh,28468,4244,14.91
v024,madhya pradesh,48410,6965,14.39
v024,gujarat,33343,5050,15.15
v024,dadra & nagar haveli and daman & diu,2713,425,15.67
v024,maharashtra,33755,5078,15.04
v024,andhra pradesh,10975,1638,14.92
v024,karnataka,30455,4555,14.96
v024,goa,2030,303,14.93
v024,lakshadweep,1234,173,14.02
v024,kerala,10969,1659,15.12
v024,tamil nadu,25650,3772,14.71
v024,puducherry,3669,546,14.88
v024,andaman & nicobar islands,2397,389,16.23
v024,telangana,27518,4159,15.11
v024,ladakh,2355,350,14.86
age_group,15-19,122480,18237,14.89
age_group,20-24,118700,17880,15.06
age_group,25-29,118379,17814,15.05
age_group,30-34,101049,15377,15.22
age_group,35-39,98068,14706,15.0
age_group,40-44,81380,12099,14.87
age_group,45-49,84059,12672,15.08
