estimate,group,n_unweighted,unweighted_pct,weighted_pct,weighted_minus_unweighted,material_difference
% of women with this education level,no education,167304,23.1,22.43,-0.67,False
% of women with this education level,primary,84983,11.74,11.73,-0.01,False
% of women with this education level,secondary,370012,51.1,50.18,-0.91,False
% of women with this education level,higher,101816,14.06,15.65,1.59,False
"% with higher education, by state",jammu & kashmir,23037,17.57,19.51,1.95,False
"% with higher education, by state",himachal pradesh,10368,21.43,24.1,2.67,True
"% with higher education, by state",punjab,21771,18.28,19.35,1.07,False
"% with higher education, by state",chandigarh,746,28.42,27.39,-1.03,False
"% with higher education, by state",uttarakhand,13280,21.88,23.03,1.16,False
"% with higher education, by state",haryana,21909,20.09,20.44,0.36,False
"% with higher education, by state",nct of delhi,11159,29.69,29.06,-0.63,False
"% with higher education, by state",rajasthan,42990,12.94,14.18,1.25,False
"% with higher education, by state",uttar pradesh,93124,15.38,16.47,1.09,False
"% with higher education, by state",bihar,42483,6.83,7.76,0.93,False
"% with higher education, by state",sikkim,3271,15.99,21.61,5.62,True
"% with higher education, by state",arunachal pradesh,19765,12.48,12.16,-0.32,False
"% with higher education, by state",nagaland,9694,13.51,18.05,4.53,True
"% with higher education, by state",manipur,8042,16.08,19.48,3.41,True
"% with higher education, by state",mizoram,7279,11.99,15.37,3.38,True
"% with higher education, by state",tripura,7314,6.1,6.99,0.89,False
"% with higher education, by state",meghalaya,13089,8.08,11.56,3.48,True
"% with higher education, by state",assam,34979,7.84,8.28,0.44,False
"% with higher education, by state",west bengal,21408,9.81,10.3,0.49,False
"% with higher education, by state",jharkhand,26495,9.16,10.06,0.9,False
"% with higher education, by state",odisha,27971,9.24,10.38,1.15,False
"% with higher education, by state",chhattisgarh,28468,9.9,11.68,1.78,False
"% with higher education, by state",madhya pradesh,48410,10.1,11.42,1.32,False
"% with higher education, by state",gujarat,33343,11.55,13.29,1.74,False
"% with higher education, by state",dadra & nagar haveli and daman & diu,2713,12.53,12.03,-0.51,False
"% with higher education, by state",maharashtra,33755,15.74,20.27,4.53,True
"% with higher education, by state",andhra pradesh,10975,13.13,13.47,0.34,False
"% with higher education, by state",karnataka,30455,13.54,15.32,1.78,False
"% with higher education, by state",goa,2030,31.48,31.05,-0.43,False
"% with higher education, by state",lakshadweep,1234,20.26,19.83,-0.43,False
"% with higher education, by state",kerala,10969,32.17,33.03,0.85,False
"% with higher education, by state",tamil nadu,25650,26.27,27.3,1.03,False
"% with higher education, by state",puducherry,3669,32.73,36.77,4.04,True
"% with higher education, by state",andaman & nicobar islands,2397,14.52,17.36,2.84,True
"% with higher education, by state",telangana,27518,15.34,17.02,1.68,False
"% with higher education, by state",ladakh,2355,17.83,17.78,-0.05,False
% currently working,all respondents,108785,26.05,25.23,-0.82,False
"% currently working, by education",no education,25133,34.39,33.77,-0.61,False
"% currently working, by education",primary,12805,31.47,30.67,-0.8,False
"% currently working, by education",secondary,55398,21.64,20.65,-0.98,False
"% currently working, by education",higher,15449,23.84,23.49,-0.35,False
"% currently working, by age group",15-19,18237,11.68,11.11,-0.57,False
"% currently working, by age group",20-24,17880,18.06,16.65,-1.41,False
"% currently working, by age group",25-29,17814,24.02,23.05,-0.97,False
"% currently working, by age group",30-34,15377,31.2,30.58,-0.63,False
"% currently working, by age group",35-39,14706,34.75,34.61,-0.14,False
"% currently working, by age group",40-44,12099,36.17,35.64,-0.53,False
"% currently working, by age group",45-49,12672,34.88,33.51,-1.37,False
"% currently working, by residence",urban,27064,22.99,23.69,0.7,False
"% currently working, by residence",rural,81721,27.07,25.96,-1.1,False
"% currently working, by wealth",poorest,22155,30.06,27.68,-2.39,True
"% currently working, by wealth",poorer,24322,28.42,27.2,-1.22,False
"% currently working, by wealth",middle,22939,27.52,27.57,0.05,False
"% currently working, by wealth",richer,21087,23.26,23.66,0.4,False
"% currently working, by wealth",richest,18282,19.44,20.16,0.72,False
"% currently working, by state",jammu & kashmir,3388,20.54,21.94,1.4,False
"% currently working, by state",himachal pradesh,1619,25.45,23.91,-1.54,False
"% currently working, by state",punjab,3371,20.44,21.69,1.25,False
"% currently working, by state",chandigarh,129,20.16,20.46,0.3,False
"% currently working, by state",uttarakhand,1881,21.69,21.99,0.3,False
"% currently working, by state",haryana,3270,18.69,18.94,0.25,False
"% currently working, by state",nct of delhi,1638,22.04,22.46,0.43,False
"% currently working, by state",rajasthan,6549,22.03,21.97,-0.06,False
"% currently working, by state",uttar pradesh,13839,16.44,16.69,0.25,False
"% currently working, by state",bihar,6350,14.52,14.33,-0.19,False
"% currently working, by state",sikkim,506,30.83,31.36,0.53,False
"% currently working, by state",arunachal pradesh,2960,31.32,29.47,-1.84,False
"% currently working, by state",nagaland,1515,35.84,33.72,-2.12,True
"% currently working, by state",manipur,1256,40.05,40.14,0.09,False
"% currently working, by state",mizoram,1161,25.67,25.13,-0.54,False
"% currently working, by state",tripura,1137,20.14,21.73,1.58,False
"% currently working, by state",meghalaya,1965,39.29,41.66,2.37,True
"% currently working, by state",assam,5314,17.61,17.9,0.29,False
"% currently working, by state",west bengal,3251,20.06,18.49,-1.56,False
"% currently working, by state",jharkhand,4001,22.67,21.76,-0.91,False
"% currently working, by state",odisha,4379,24.02,23.2,-0.83,False
"% currently working, by state",chhattisgarh,4244,31.9,31.26,-0.65,False
"% currently working, by state",madhya pradesh,6965,28.92,27.78,-1.13,False
"% currently working, by state",gujarat,5050,35.96,33.22,-2.74,True
"% currently working, by state",dadra & nagar haveli and daman & diu,425,24.71,29.66,4.96,True
"% currently working, by state",maharashtra,5078,37.81,36.73,-1.08,False
"% currently working, by state",andhra pradesh,1638,37.48,37.34,-0.14,False
"% currently working, by state",karnataka,4555,37.96,35.14,-2.82,True
"% currently working, by state",goa,303,29.7,30.75,1.04,False
"% currently working, by state",lakshadweep,173,9.83,9.21,-0.62,False
"% currently working, by state",kerala,1659,23.63,22.8,-0.83,False
"% currently working, by state",tamil nadu,3772,37.83,36.79,-1.04,False
"% currently working, by state",puducherry,546,22.16,32.97,10.81,True
"% currently working, by state",andaman & nicobar islands,389,20.31,25.06,4.75,True
"% currently working, by state",telangana,4159,42.17,38.56,-3.61,True
"% currently working, by state",ladakh,350,26.29,27.25,0.96,False
