v024,state,n_women,pct_no_education,pct_primary,pct_secondary,pct_higher,mean_years_education
34,puducherry,3669,6.02,7.76,49.45,36.77,10.84
32,kerala,10969,0.7,3.17,63.1,33.03,11.58
30,goa,2030,5.15,6.39,57.42,31.05,10.73
7,nct of delhi,11159,12.84,8.73,49.37,29.06,9.7
4,chandigarh,746,12.19,9.42,51.0,27.39,9.76
33,tamil nadu,25650,9.24,12.15,51.31,27.3,9.68
2,himachal pradesh,10368,7.32,9.38,59.19,24.1,10.2
5,uttarakhand,13280,16.84,11.24,48.88,23.03,8.9
11,sikkim,3271,7.04,14.97,56.38,21.61,9.16
6,haryana,21909,15.84,11.33,52.39,20.44,8.74
27,maharashtra,33755,11.81,9.96,57.95,20.27,8.96
31,lakshadweep,1234,1.51,6.38,72.28,19.83,10.49
1,jammu & kashmir,23037,21.24,4.47,54.78,19.51,8.54
14,manipur,8042,8.04,9.55,62.92,19.48,9.26
3,punjab,21771,15.16,10.1,55.38,19.35,9.01
13,nagaland,9694,8.65,11.2,62.11,18.05,8.86
37,ladakh,2355,21.99,4.88,55.35,17.78,8.24
35,andaman & nicobar islands,2397,8.13,9.13,65.38,17.36,9.43
36,telangana,27518,32.62,7.29,43.07,17.02,7.07
9,uttar pradesh,93124,28.45,11.29,43.79,16.47,7.25
15,mizoram,7279,5.06,10.19,69.37,15.37,9.3
29,karnataka,30455,19.39,9.36,55.93,15.32,8.09
8,rajasthan,42990,31.25,13.11,41.45,14.18,6.6
28,andhra pradesh,10975,27.85,13.69,44.99,13.47,6.85
24,gujarat,33343,20.8,12.18,53.73,13.29,7.35
12,arunachal pradesh,19765,23.43,10.44,53.97,12.16,7.36
25,dadra & nagar haveli and daman & diu,2713,20.75,12.34,54.88,12.03,7.43
22,chhattisgarh,28468,22.14,12.88,53.3,11.68,7.38
17,meghalaya,13089,12.31,18.61,57.52,11.56,7.61
23,madhya pradesh,48410,25.41,14.33,48.84,11.42,6.82
21,odisha,27971,21.68,14.16,53.77,10.38,7.08
19,west bengal,21408,18.26,17.13,54.31,10.3,7.16
20,jharkhand,26495,31.62,10.29,48.02,10.06,6.43
18,assam,34979,18.4,13.87,59.45,8.28,7.23
10,bihar,42483,38.31,10.66,43.27,7.76,5.65
16,tripura,7314,11.18,18.54,63.29,6.99,7.36
