v024,state,n_answered_v714,pct_currently_working
17,meghalaya,1965,41.66
14,manipur,1256,40.14
36,telangana,4159,38.56
28,andhra pradesh,1638,37.34
33,tamil nadu,3772,36.79
27,maharashtra,5078,36.73
29,karnataka,4555,35.14
13,nagaland,1515,33.72
24,gujarat,5050,33.22
34,puducherry,546,32.97
11,sikkim,506,31.36
22,chhattisgarh,4244,31.26
30,goa,303,30.75
25,dadra & nagar haveli and daman & diu,425,29.66
12,arunachal pradesh,2960,29.47
23,madhya pradesh,6965,27.78
37,ladakh,350,27.25
15,mizoram,1161,25.13
35,andaman & nicobar islands,389,25.06
2,himachal pradesh,1619,23.91
21,odisha,4379,23.2
32,kerala,1659,22.8
7,nct of delhi,1638,22.46
5,uttarakhand,1881,21.99
8,rajasthan,6549,21.97
1,jammu & kashmir,3388,21.94
20,jharkhand,4001,21.76
16,tripura,1137,21.73
3,punjab,3371,21.69
4,chandigarh,129,20.46
6,haryana,3270,18.94
19,west bengal,3251,18.49
18,assam,5314,17.9
9,uttar pradesh,13839,16.69
10,bihar,6350,14.33
31,lakshadweep,173,9.21
