variable,description,topic,stata_type,kind,valid_values,special_codes_set_to_missing,missing_value_convention,n_valid,n_missing,pct_missing,universe,note
caseid,case identification,identifier,str15,id,(identifier / design value),none,Stata missing -> NULL; special codes and out-of-range values -> NULL,724115,0,0.0,all women,Unique respondent ID (text).
v001,cluster number,survey design,long,design,(identifier / design value),none,Stata missing -> NULL; special codes and out-of-range values -> NULL,724115,0,0.0,all women,Cluster number.
v021,primary sampling unit,survey design,long,design,(identifier / design value),none,Stata missing -> NULL; special codes and out-of-range values -> NULL,724115,0,0.0,all women,Primary sampling unit (needed for standard errors).
v022,sample strata for sampling errors,survey design,long,design,(identifier / design value),none,Stata missing -> NULL; special codes and out-of-range values -> NULL,724115,0,0.0,all women,Sample strata for sampling errors.
v005,women's individual sample weight (6 decimals),survey design,long,weight,(identifier / design value),none,Stata missing -> NULL; special codes and out-of-range values -> NULL,724115,0,0.0,all women,"National women's weight, 6 implied decimals."
sweight,sample weight (6 decimals) (state level),survey design,long,weight,(identifier / design value),none,Stata missing -> NULL; special codes and out-of-range values -> NULL,724115,0,0.0,all women,"State-level weight, 6 implied decimals."
ssmod,household selected for the state module,survey design,byte,categorical,0=no; 1=yes,none,Stata missing -> NULL; special codes and out-of-range values -> NULL,724115,0,0.0,all women,"1 = household selected for the state module. Employment, phone, bank and internet questions exist only for these women (verified: v714 is missing exactly when ssmod = 0)."
v024,state,geography,byte,categorical,36 labelled codes (see codebook),none,Stata missing -> NULL; special codes and out-of-range values -> NULL,724115,0,0.0,all women,
sdist,district,geography,int,categorical,707 labelled codes (see codebook),none,Stata missing -> NULL; special codes and out-of-range values -> NULL,724115,0,0.0,all women,707 districts; many have small samples.
v025,type of place of residence,geography,byte,categorical,1=urban; 2=rural,none,Stata missing -> NULL; special codes and out-of-range values -> NULL,724115,0,0.0,all women,
v012,respondent's current age,demographics,byte,numeric,15-49,none,Stata missing -> NULL; special codes and out-of-range values -> NULL,724115,0,0.0,all women,Survey interviewed women aged 15-49.
v013,age in 5-year groups,demographics,byte,categorical,1=15-19; 2=20-24; 3=25-29; 4=30-34; 5=35-39; 6=40-44; 7=45-49,none,Stata missing -> NULL; special codes and out-of-range values -> NULL,724115,0,0.0,all women,
v130,religion,demographics,byte,categorical,1=hindu; 2=muslim; 3=christian; 4=sikh; 5=buddhist / neo-buddhist; 6=jain; 7=jewish; 8=parsi / zoroastrian; 9=no religion; 96=other,none,Stata missing -> NULL; special codes and out-of-range values -> NULL,724115,0,0.0,all women,96 = 'other' is a real answer and is kept.
s116,"belong to a scheduled caste, a scheduled tribe, other backward class",demographics,byte,categorical,1=schedule caste; 2=schedule tribe; 3=obc; 4=none of them,8=don't know,Stata missing -> NULL; special codes and out-of-range values -> NULL,685424,38691,5.34,"685,424 women with a valid value",
v501,current marital status,demographics,byte,categorical,0=never in union  [includes: married gauna not performed]; 1=married; 2=living with partner; 3=widowed; 4=divorced; 5=no longer living together/separated,none,Stata missing -> NULL; special codes and out-of-range values -> NULL,724115,0,0.0,all women,
v201,total children ever born,demographics,byte,numeric,0-20,none,Stata missing -> NULL; special codes and out-of-range values -> NULL,724115,0,0.0,all women,
v106,highest educational level,education,byte,categorical,0=no education; 1=primary; 2=secondary; 3=higher,none,Stata missing -> NULL; special codes and out-of-range values -> NULL,724115,0,0.0,all women,
v133,education in single years,education,byte,numeric,0-30,97=inconsistent,Stata missing -> NULL; special codes and out-of-range values -> NULL,724115,0,0.0,all women,
v149,educational attainment,education,byte,categorical,0=no education; 1=incomplete primary; 2=complete primary; 3=incomplete secondary; 4=complete secondary; 5=higher,none,Stata missing -> NULL; special codes and out-of-range values -> NULL,724115,0,0.0,all women,
v155,literacy,education,byte,categorical,0=cannot read at all; 1=able to read only parts of sentence; 2=able to read whole sentence,3=no card with required language; 4=blind/visually impaired,Stata missing -> NULL; special codes and out-of-range values -> NULL,719947,4168,0.58,"719,947 women with a valid value","Codes 3 and 4 mean reading ability could not be assessed, so they become missing."
v190,wealth index combined,wealth,byte,categorical,1=poorest; 2=poorer; 3=middle; 4=richer; 5=richest,none,Stata missing -> NULL; special codes and out-of-range values -> NULL,724115,0,0.0,all women,National wealth quintile.
s190s,wealth index within state,wealth,byte,categorical,1=poorest; 2=poorer; 3=middle; 4=richer; 5=richest,none,Stata missing -> NULL; special codes and out-of-range values -> NULL,724115,0,0.0,all women,Wealth quintile within the woman's state.
v714,respondent currently working,employment,byte,categorical,0=no; 1=yes,none,Stata missing -> NULL; special codes and out-of-range values -> NULL,108785,615330,84.98,state-module women only (ssmod = 1),
v731,respondent worked in last 12 months,employment,byte,categorical,"0=no; 1=in the past year; 2=currently working; 3=have a job, but on leave last 7 days",none,Stata missing -> NULL; special codes and out-of-range values -> NULL,108785,615330,84.98,state-module women only (ssmod = 1),
v717,respondent's occupation (grouped),employment,byte,categorical,0=not working; 1=professional / technical / managerial; 3=clerical; 4=sales; 5=services / household and domestic; 6=agricultural; 7=skilled and unskilled manual; 9=other,98=don't know,Stata missing -> NULL; special codes and out-of-range values -> NULL,108654,615461,84.99,"108,654 women with a valid value",
v741,type of earnings from respondent's work,employment,byte,categorical,0=not paid; 1=cash only; 2=cash and in-kind; 3=in-kind only,none,Stata missing -> NULL; special codes and out-of-range values -> NULL,34976,689139,95.17,"34,976 women with a valid value",Asked only of women who work.
v157,frequency of reading newspaper or magazine,media and access,byte,categorical,0=not at all; 1=less than once a week; 2=at least once a week; 3=almost every day,none,Stata missing -> NULL; special codes and out-of-range values -> NULL,724115,0,0.0,all women,
v158,frequency of listening to radio,media and access,byte,categorical,0=not at all; 1=less than once a week; 2=at least once a week; 3=almost every day,none,Stata missing -> NULL; special codes and out-of-range values -> NULL,724115,0,0.0,all women,
v159,frequency of watching television,media and access,byte,categorical,0=not at all; 1=less than once a week; 2=at least once a week; 3=almost every day,none,Stata missing -> NULL; special codes and out-of-range values -> NULL,724115,0,0.0,all women,
v169a,owns a mobile telephone,media and access,byte,categorical,0=no; 1=yes,none,Stata missing -> NULL; special codes and out-of-range values -> NULL,108785,615330,84.98,state-module women only (ssmod = 1),
v170,has an account in a bank or other financial institution,media and access,byte,categorical,0=no; 1=yes,none,Stata missing -> NULL; special codes and out-of-range values -> NULL,108785,615330,84.98,state-module women only (ssmod = 1),
v171a,use of internet,media and access,byte,categorical,"0=never; 1=yes, last 12 months; 2=yes, before last 12 months; 3=yes, can't establish when",none,Stata missing -> NULL; special codes and out-of-range values -> NULL,108785,615330,84.98,state-module women only (ssmod = 1),
v481,covered by health insurance,health,byte,categorical,0=no; 1=yes,none,Stata missing -> NULL; special codes and out-of-range values -> NULL,724115,0,0.0,all women,
s361,"met with an anganwadi worker, asha or other community health worker in last 3 mo",health,byte,categorical,0=no; 1=yes,none,Stata missing -> NULL; special codes and out-of-range values -> NULL,724105,10,0.0,"724,105 women with a valid value",
v457,anemia level,health,byte,categorical,1=severe; 2=moderate; 3=mild; 4=not anemic,none,Stata missing -> NULL; special codes and out-of-range values -> NULL,690153,33962,4.69,"690,153 women with a valid value",Only for women whose hemoglobin was measured.
v119,household has: electricity,household,byte,categorical,0=no; 1=yes,7=not a dejure resident,Stata missing -> NULL; special codes and out-of-range values -> NULL,705803,18312,2.53,"705,803 women with a valid value",
